product_name,confidence%,option_1,option_2,web_sources,validation_flag,owner_decision
YOGURT MANGO 90g AKSHAYA KALPA,73.21,Beverages,Snacks,synthetic: brand consensus; query: YOGURT MANGO 90g AKSHAYA KALPA brand category India,OWNER_REQUIRED,
YOGHURT STRAWBERRY MILKYMIST,73.21,Beverages,Snacks,synthetic: brand consensus; query: YOGHURT STRAWBERRY MILKYMIST brand category India,OWNER_REQUIRED,
YOGHURT PEACH 100GM MILKYMIST,73.21,Beverages,Snacks,synthetic: brand consensus; query: YOGHURT PEACH 100GM MILKYMIST brand category India,OWNER_REQUIRED,
YOGHURT  MANGO MILKYMIST,73.21,Beverages,Snacks,synthetic: brand consensus; query: YOGHURT  MANGO MILKYMIST brand category India,OWNER_REQUIRED,
XTRA 50gm POUCH  CONTINENTAL,73.21,Breakfast,Beverages,synthetic: brand consensus; query: XTRA 50gm POUCH  CONTINENTAL brand category India,OWNER_REQUIRED,
XTRA 200g JAR CONTINENTAL,73.21,Personal Care,Beverages,synthetic: brand consensus; query: XTRA 200g JAR CONTINENTAL brand category India,OWNER_REQUIRED,
VELLANKI MULTI SEEDS CHIKI 250g,73.21,Breakfast,Beverages,synthetic: brand consensus; query: VELLANKI MULTI SEEDS CHIKI 250g brand category India,OWNER_REQUIRED,
VELLANKI KAKARAKAYA CHIPS 150G,73.21,Beverages,Snacks,synthetic: brand consensus; query: VELLANKI KAKARAKAYA CHIPS 150G brand category India,OWNER_REQUIRED,
TOTAL CURD 120GMS HERITAGE,73.21,Beverages,Snacks,synthetic: brand consensus; query: TOTAL CURD 120GMS HERITAGE brand category India,OWNER_REQUIRED,
TONED MILK 500ml HERITAGE,73.21,Beverages,Snacks,synthetic: brand consensus; query: TONED MILK 500ml HERITAGE brand category India,OWNER_REQUIRED,
TABLE BUTTER 500G HERITAGE,73.21,Breakfast,Beverages,synthetic: brand consensus; query: TABLE BUTTER 500G HERITAGE brand category India,OWNER_REQUIRED,
TABLE BUTTER 100g HERITAGE,73.21,Beverages,Snacks,synthetic: brand consensus; query: TABLE BUTTER 100g HERITAGE brand category India,OWNER_REQUIRED,
SWEET POTATO,73.21,Beverages,Snacks,synthetic: brand consensus; query: SWEET POTATO brand category India,OWNER_REQUIRED,
SWEET CORN SEED,73.21,Beverages,Snacks,synthetic: brand consensus; query: SWEET CORN SEED brand category India,OWNER_REQUIRED,
SWEET CORN,73.21,Beverages,Snacks,synthetic: brand consensus; query: SWEET CORN brand category India,OWNER_REQUIRED,
SWEET ALMOND OIL100ML MESMARA,73.21,Dairy,Beverages,synthetic: brand consensus; query: SWEET ALMOND OIL100ML MESMARA brand category India,OWNER_REQUIRED,
SUGAR FREE DARK CHOCOLATE 150g AMUL,73.21,Breakfast,Beverages,synthetic: brand consensus; query: SUGAR FREE DARK CHOCOLATE 150g AMUL brand category India,OWNER_REQUIRED,
STRAWBERRY FLAVOURED MILK 180ML HERITAGE,73.21,Beverages,Snacks,synthetic: brand consensus; query: STRAWBERRY FLAVOURED MILK 180ML HERITAGE brand category India,OWNER_REQUIRED,
SRI DIVYA DEEPARDHANA OIL 910 ML,73.21,Breakfast,Beverages,synthetic: brand consensus; query: SRI DIVYA DEEPARDHANA OIL 910 ML brand category India,OWNER_REQUIRED,
SPICY ALOO CHIPS 100g VELLANKI FOODS,73.21,Beverages,Snacks,synthetic: brand consensus; query: SPICY ALOO CHIPS 100g VELLANKI FOODS brand category India,OWNER_REQUIRED,
SPICED TARO CHIPS 30g FLYBERRY GOURMET,73.21,Beverages,Snacks,synthetic: brand consensus; query: SPICED TARO CHIPS 30g FLYBERRY GOURMET brand category India,OWNER_REQUIRED,
SPECIALE COFFEE 200g JAR CONTINENTAL,73.21,Personal Care,Beverages,synthetic: brand consensus; query: SPECIALE COFFEE 200g JAR CONTINENTAL brand category India,OWNER_REQUIRED,
SPECIAL LONG LIFE COW MILK 180ML HERITAGE,73.21,Beverages,Snacks,synthetic: brand consensus; query: SPECIAL LONG LIFE COW MILK 180ML HERITAGE brand category India,OWNER_REQUIRED,
SPECIAL  LONG LIFE MILK 500ML HERITAGE,73.21,Beverages,Snacks,synthetic: brand consensus; query: SPECIAL  LONG LIFE MILK 500ML HERITAGE brand category India,OWNER_REQUIRED,
SKYR YOGHURT 100g MILKYMIST,73.21,Beverages,Snacks,synthetic: brand consensus; query: SKYR YOGHURT 100g MILKYMIST brand category India,OWNER_REQUIRED,
SHRIKAND MANGO 100g MILKY MIST,73.21,Beverages,Snacks,synthetic: brand consensus; query: SHRIKAND MANGO 100g MILKY MIST brand category India,OWNER_REQUIRED,
SHRIKAND ELAICHI 100g MILKY MIST,73.21,Beverages,Snacks,synthetic: brand consensus; query: SHRIKAND ELAICHI 100g MILKY MIST brand category India,OWNER_REQUIRED,
SAMBAR  ONION,73.21,Beverages,Snacks,synthetic: brand consensus; query: SAMBAR  ONION brand category India,OWNER_REQUIRED,
SAMBAR PODI 100g VELLANKI FOODS,73.21,Beverages,Snacks,synthetic: brand consensus; query: SAMBAR PODI 100g VELLANKI FOODS brand category India,OWNER_REQUIRED,
SAMBAR ONION CHENNAI,73.21,Beverages,Snacks,synthetic: brand consensus; query: SAMBAR ONION CHENNAI brand category India,OWNER_REQUIRED,
SAFFLOWER OIL 1Lt. COLD PRESSED MESMARA,73.21,Personal Care,Beverages,synthetic: brand consensus; query: SAFFLOWER OIL 1Lt. COLD PRESSED MESMARA brand category India,OWNER_REQUIRED,
SABJA SEEDS KG FLYBERRY,73.21,Personal Care,Beverages,synthetic: brand consensus; query: SABJA SEEDS KG FLYBERRY brand category India,OWNER_REQUIRED,
RAISIN N ALMOND 150G CHOCOLATE AMUL,73.21,Breakfast,Beverages,synthetic: brand consensus; query: RAISIN N ALMOND 150G CHOCOLATE AMUL brand category India,OWNER_REQUIRED,
QUINOA SEEDS KGS FLYBERRY,73.21,Dairy,Beverages,synthetic: brand consensus; query: QUINOA SEEDS KGS FLYBERRY brand category India,OWNER_REQUIRED,
PUTNALU KOBBARIKARAM 250g AHA,73.21,Snacks,Beverages,synthetic: brand consensus; query: PUTNALU KOBBARIKARAM 250g AHA brand category India,OWNER_REQUIRED,
PREMIUM MILK BREAD 400g SPENCERS AKSHAYA  FOODS,73.21,Beverages,Snacks,synthetic: brand consensus; query: PREMIUM MILK BREAD 400g SPENCERS AKSHAYA  FOODS brand category India,OWNER_REQUIRED,
PREMIUM FREEZE DIRED COFFEE 50gm JAR CONTINENTAL,73.21,Breakfast,Beverages,synthetic: brand consensus; query: PREMIUM FREEZE DIRED COFFEE 50gm JAR CONTINENTAL brand category India,OWNER_REQUIRED,
POTATO CHIPS 200G EVR,73.21,Beverages,Snacks,synthetic: brand consensus; query: POTATO CHIPS 200G EVR brand category India,OWNER_REQUIRED,
POPU SEEDS LOOSE,73.21,Beverages,Snacks,synthetic: brand consensus; query: POPU SEEDS LOOSE brand category India,OWNER_REQUIRED,
POOJA OIL 500ML,73.21,Snacks,Beverages,synthetic: brand consensus; query: POOJA OIL 500ML brand category India,OWNER_REQUIRED,
POOJA GINGELLY OIL 1LTR,73.21,Breakfast,Beverages,synthetic: brand consensus; query: POOJA GINGELLY OIL 1LTR brand category India,OWNER_REQUIRED,
POMEGRANATE SEEDS,73.21,Beverages,Snacks,synthetic: brand consensus; query: POMEGRANATE SEEDS brand category India,OWNER_REQUIRED,
POMEGRANATE JUICE,73.21,Breakfast,Beverages,synthetic: brand consensus; query: POMEGRANATE JUICE brand category India,OWNER_REQUIRED,
POHA MEDIUM 500g,73.21,Beverages,Snacks,synthetic: brand consensus; query: POHA MEDIUM 500g brand category India,OWNER_REQUIRED,
PISTA FLAVOURED MILK 200ML HERITAGE,73.21,Beverages,Snacks,synthetic: brand consensus; query: PISTA FLAVOURED MILK 200ML HERITAGE brand category India,OWNER_REQUIRED,
PASTEURISED BUTTER 100g AMUL,73.21,Beverages,Snacks,synthetic: brand consensus; query: PASTEURISED BUTTER 100g AMUL brand category India,OWNER_REQUIRED,
ORGANIC-PROBIOTIC CURD AKSHAYAKALPA,73.21,Beverages,Snacks,synthetic: brand consensus; query: ORGANIC-PROBIOTIC CURD AKSHAYAKALPA brand category India,OWNER_REQUIRED,
ORGANIC- CHEESE SLICES AKSHAYAKALPA,73.21,Snacks,Beverages,synthetic: brand consensus; query: ORGANIC- CHEESE SLICES AKSHAYAKALPA brand category India,OWNER_REQUIRED,
ORGANIC MALAI PANEER 200g AKSHAYAKALPA,73.21,Snacks,Beverages,synthetic: brand consensus; query: ORGANIC MALAI PANEER 200g AKSHAYAKALPA brand category India,OWNER_REQUIRED,
ORGANIC CURD. 1KG TUB AKSHAYAKALPA,73.21,Breakfast,Beverages,synthetic: brand consensus; query: ORGANIC CURD. 1KG TUB AKSHAYAKALPA brand category India,OWNER_REQUIRED,
ORANGE JUICE,73.21,Snacks,Beverages,synthetic: brand consensus; query: ORANGE JUICE brand category India,OWNER_REQUIRED,
OKRA CHIPS VACUUM FRIED 20g FLYBERRY,73.21,Beverages,Snacks,synthetic: brand consensus; query: OKRA CHIPS VACUUM FRIED 20g FLYBERRY brand category India,OWNER_REQUIRED,
NATURAL THICK CURD CUP 400g ID FRESH,73.21,Beverages,Snacks,synthetic: brand consensus; query: NATURAL THICK CURD CUP 400g ID FRESH brand category India,OWNER_REQUIRED,
NATURAL THICK CURD  POUCH 400 GMS ID FRESH,73.21,Beverages,Snacks,synthetic: brand consensus; query: NATURAL THICK CURD  POUCH 400 GMS ID FRESH brand category India,OWNER_REQUIRED,
NATURAL CURD 450g SIDS FARM,73.21,Beverages,Snacks,synthetic: brand consensus; query: NATURAL CURD 450g SIDS FARM brand category India,OWNER_REQUIRED,
NANDA CRM BUN CHOCOLATE 60g,73.21,Beverages,Snacks,synthetic: brand consensus; query: NANDA CRM BUN CHOCOLATE 60g brand category India,OWNER_REQUIRED,
Moosambi Economy,73.21,Beverages,Snacks,synthetic: brand consensus; query: Moosambi Economy brand category India,OWNER_REQUIRED,
Mango Milk Shake,73.21,Beverages,Snacks,synthetic: brand consensus; query: Mango Milk Shake brand category India,OWNER_REQUIRED,
MODERN MILK PLUS BREAD 450g,73.21,Beverages,Snacks,synthetic: brand consensus; query: MODERN MILK PLUS BREAD 450g brand category India,OWNER_REQUIRED,
MILK SHAKE VANILLA 180ML MILKY MIST,73.21,Beverages,Snacks,synthetic: brand consensus; query: MILK SHAKE VANILLA 180ML MILKY MIST brand category India,OWNER_REQUIRED,
MILK SHAKE VANILA 180ml EPIGAMIA,73.21,Beverages,Snacks,synthetic: brand consensus; query: MILK SHAKE VANILA 180ml EPIGAMIA brand category India,OWNER_REQUIRED,
MILK SHAKE STRAWBERRY 180ml EPIGAMIA,73.21,Beverages,Snacks,synthetic: brand consensus; query: MILK SHAKE STRAWBERRY 180ml EPIGAMIA brand category India,OWNER_REQUIRED,
MILK SHAKE STRAWBERRY 180ML MILKY MIST,73.21,Beverages,Snacks,synthetic: brand consensus; query: MILK SHAKE STRAWBERRY 180ML MILKY MIST brand category India,OWNER_REQUIRED,
MILK SHAKE STRAWBERRY 180ML HERITAGE,73.21,Beverages,Snacks,synthetic: brand consensus; query: MILK SHAKE STRAWBERRY 180ML HERITAGE brand category India,OWNER_REQUIRED,
MILK BREAD 350g SPENCERS GOLDEN CRUST NANDA,73.21,Beverages,Snacks,synthetic: brand consensus; query: MILK BREAD 350g SPENCERS GOLDEN CRUST NANDA brand category India,OWNER_REQUIRED,
MALGUDI FILTER COFFEE 500g 60 DEGREE CONTINENTAL,73.21,Dairy,Beverages,synthetic: brand consensus; query: MALGUDI FILTER COFFEE 500g 60 DEGREE CONTINENTAL brand category India,OWNER_REQUIRED,
MALGUDI COFFEE 500g 80 DEGREE CONTINENTAL,73.21,Dairy,Beverages,synthetic: brand consensus; query: MALGUDI COFFEE 500g 80 DEGREE CONTINENTAL brand category India,OWNER_REQUIRED,
MALGUDI COFFEE 200g 80 DEGREES CONTINENTAL,73.21,Breakfast,Beverages,synthetic: brand consensus; query: MALGUDI COFFEE 200g 80 DEGREES CONTINENTAL brand category India,OWNER_REQUIRED,
MALGUDI COFFEE 200g 60 DEGREES CONTINENTAL,73.21,Breakfast,Beverages,synthetic: brand consensus; query: MALGUDI COFFEE 200g 60 DEGREES CONTINENTAL brand category India,OWNER_REQUIRED,
KP MALABAR  PAROTA 5PC ID FRESH,73.21,Snacks,Beverages,synthetic: brand consensus; query: KP MALABAR  PAROTA 5PC ID FRESH brand category India,OWNER_REQUIRED,
KOBBARI VUNDALU 250g VELLANKI FOODS,73.21,Snacks,Beverages,synthetic: brand consensus; query: KOBBARI VUNDALU 250g VELLANKI FOODS brand category India,OWNER_REQUIRED,
KOBBARI KARAM 250g AHA,73.21,Snacks,Beverages,synthetic: brand consensus; query: KOBBARI KARAM 250g AHA brand category India,OWNER_REQUIRED,
KIMIA DATES PLASTIC BOX 400G ORIGINAL,73.21,Breakfast,Beverages,synthetic: brand consensus; query: KIMIA DATES PLASTIC BOX 400G ORIGINAL brand category India,OWNER_REQUIRED,
JIVIKA COLD PRESSED SAFFLOWER OIL 1LTR,73.21,Personal Care,Beverages,synthetic: brand consensus; query: JIVIKA COLD PRESSED SAFFLOWER OIL 1LTR brand category India,OWNER_REQUIRED,
JAGGERY POWDER 500g JIVIKA ORGANICS,73.21,Beverages,Snacks,synthetic: brand consensus; query: JAGGERY POWDER 500g JIVIKA ORGANICS brand category India,OWNER_REQUIRED,
JACK FRUIT SEEDS ANAND,73.21,Beverages,Snacks,synthetic: brand consensus; query: JACK FRUIT SEEDS ANAND brand category India,OWNER_REQUIRED,
IMP Orange Juices,73.21,Snacks,Beverages,synthetic: brand consensus; query: IMP Orange Juices brand category India,OWNER_REQUIRED,
HULLED WHITE SESAME OIL 1Lt. MESMARA,73.21,Personal Care,Beverages,synthetic: brand consensus; query: HULLED WHITE SESAME OIL 1Lt. MESMARA brand category India,OWNER_REQUIRED,
HAZELNUT CHOCOLATE SPREAD 200g,73.21,Dairy,Beverages,synthetic: brand consensus; query: HAZELNUT CHOCOLATE SPREAD 200g brand category India,OWNER_REQUIRED,
GULAB JAM MIX 200g MILKY MIST,73.21,Snacks,Beverages,synthetic: brand consensus; query: GULAB JAM MIX 200g MILKY MIST brand category India,OWNER_REQUIRED,
GROUND NUT OIL 1Lt. COLD PRESSED MESMARA,73.21,Dairy,Beverages,synthetic: brand consensus; query: GROUND NUT OIL 1Lt. COLD PRESSED MESMARA brand category India,OWNER_REQUIRED,
GREEK YOGURT WILD RASBERRY 85g EPIGAMIA,73.21,Beverages,Snacks,synthetic: brand consensus; query: GREEK YOGURT WILD RASBERRY 85g EPIGAMIA brand category India,OWNER_REQUIRED,
GREEK YOGURT VANILLA BEAN 90g EPIGAMIA,73.21,Beverages,Snacks,synthetic: brand consensus; query: GREEK YOGURT VANILLA BEAN 90g EPIGAMIA brand category India,OWNER_REQUIRED,
GREEK YOGURT STRAWBERRY ZERO ADD SUGAR 120g EPIGAMIA,73.21,Beverages,Snacks,synthetic: brand consensus; query: GREEK YOGURT STRAWBERRY ZERO ADD SUGAR 120g EPIGAMIA brand category India,OWNER_REQUIRED,
GREEK YOGURT STRAWBERRY SMOOTHIE 180ml EPIGAMIA,73.21,Beverages,Snacks,synthetic: brand consensus; query: GREEK YOGURT STRAWBERRY SMOOTHIE 180ml EPIGAMIA brand category India,OWNER_REQUIRED,
GREEK YOGURT STRAWBERRY 85g EPIGAMIA,73.21,Beverages,Snacks,synthetic: brand consensus; query: GREEK YOGURT STRAWBERRY 85g EPIGAMIA brand category India,OWNER_REQUIRED,
GREEK YOGURT NATURAL 90g EPIGAMIA,73.21,Beverages,Snacks,synthetic: brand consensus; query: GREEK YOGURT NATURAL 90g EPIGAMIA brand category India,OWNER_REQUIRED,
GREEK YOGURT MIXED BERRY ZERO ADDED SUGAR 120g EPIGAMIA,73.21,Beverages,Snacks,synthetic: brand consensus; query: GREEK YOGURT MIXED BERRY ZERO ADDED SUGAR 120g EPIGAMIA brand category India,OWNER_REQUIRED,
GREEK YOGURT BLUEBERRY SMOOTHIE 180ml EPIGAMIA,73.21,Beverages,Snacks,synthetic: brand consensus; query: GREEK YOGURT BLUEBERRY SMOOTHIE 180ml EPIGAMIA brand category India,OWNER_REQUIRED,
GREEK YOGURT BLUEBERRY 90g EPIGAMIA,73.21,Beverages,Snacks,synthetic: brand consensus; query: GREEK YOGURT BLUEBERRY 90g EPIGAMIA brand category India,OWNER_REQUIRED,
GREEK YOGURT ALPHONSO MANGO SMOOTHIE 180ml EPIGAMIA,73.21,Beverages,Snacks,synthetic: brand consensus; query: GREEK YOGURT ALPHONSO MANGO SMOOTHIE 180ml EPIGAMIA brand category India,OWNER_REQUIRED,
GREEK YOGURT 85g  ALPHONSO MANGO  EPIGAMIA,73.21,Beverages,Snacks,synthetic: brand consensus; query: GREEK YOGURT 85g  ALPHONSO MANGO  EPIGAMIA brand category India,OWNER_REQUIRED,
GREEK YOGHURT 100g MILKY MIST,73.21,Beverages,Snacks,synthetic: brand consensus; query: GREEK YOGHURT 100g MILKY MIST brand category India,OWNER_REQUIRED,
GREEK HONEY AND FIG YOGHURT 100g MILKY MIST,73.21,Beverages,Snacks,synthetic: brand consensus; query: GREEK HONEY AND FIG YOGHURT 100g MILKY MIST brand category India,OWNER_REQUIRED,
GREEK CEREALS YOGHURT 100g MILKY MIST,73.21,Beverages,Snacks,synthetic: brand consensus; query: GREEK CEREALS YOGHURT 100g MILKY MIST brand category India,OWNER_REQUIRED,
GOLDEN COW GHEE 500 ML HERITAGE,73.21,Dairy,Beverages,synthetic: brand consensus; query: GOLDEN COW GHEE 500 ML HERITAGE brand category India,OWNER_REQUIRED,
GHEE ARISELU 250g VELLANKI FOODS,73.21,Breakfast,Beverages,synthetic: brand consensus; query: GHEE ARISELU 250g VELLANKI FOODS brand category India,OWNER_REQUIRED,
GAVVALU SWEET 250G VELLANKI FOODS,73.21,Snacks,Beverages,synthetic: brand consensus; query: GAVVALU SWEET 250G VELLANKI FOODS brand category India,OWNER_REQUIRED,
FRUIT YOGURT 75g STRAWBERRY EPIGAMIA,73.21,Beverages,Snacks,synthetic: brand consensus; query: FRUIT YOGURT 75g STRAWBERRY EPIGAMIA brand category India,OWNER_REQUIRED,
FRUIT YOGURT 75g ALPHONSO MANGO EPIGAMIA,73.21,Beverages,Snacks,synthetic: brand consensus; query: FRUIT YOGURT 75g ALPHONSO MANGO EPIGAMIA brand category India,OWNER_REQUIRED,
FRUIT YOGHURT BB 100g MILKYMIST,73.21,Beverages,Snacks,synthetic: brand consensus; query: FRUIT YOGHURT BB 100g MILKYMIST brand category India,OWNER_REQUIRED,
FRUIT N NUT 150g DARK CHOCOLATE AMUL,73.21,Breakfast,Beverages,synthetic: brand consensus; query: FRUIT N NUT 150g DARK CHOCOLATE AMUL brand category India,OWNER_REQUIRED,
FREEDOM GROUNDNUTOIL 1LT,73.21,Breakfast,Beverages,synthetic: brand consensus; query: FREEDOM GROUNDNUTOIL 1LT brand category India,OWNER_REQUIRED,
FLYBERRY SPICE OKRA CHIPS 25g,73.21,Beverages,Snacks,synthetic: brand consensus; query: FLYBERRY SPICE OKRA CHIPS 25g brand category India,OWNER_REQUIRED,
FLYBERRY CRUNCHY BANANA CHIPS 25g,73.21,Beverages,Snacks,synthetic: brand consensus; query: FLYBERRY CRUNCHY BANANA CHIPS 25g brand category India,OWNER_REQUIRED,
FLYBERRY CRISPY SWEET CORN 12g,73.21,Beverages,Snacks,synthetic: brand consensus; query: FLYBERRY CRISPY SWEET CORN 12g brand category India,OWNER_REQUIRED,
FLAX SEEDS KGS FLYBERRY,73.21,Breakfast,Beverages,synthetic: brand consensus; query: FLAX SEEDS KGS FLYBERRY brand category India,OWNER_REQUIRED,
FLAX SEED OIL 1L MESMARA,73.21,Personal Care,Beverages,synthetic: brand consensus; query: FLAX SEED OIL 1L MESMARA brand category India,OWNER_REQUIRED,
FINGER CHIPS PAPAD 200G EVR,73.21,Beverages,Snacks,synthetic: brand consensus; query: FINGER CHIPS PAPAD 200G EVR brand category India,OWNER_REQUIRED,
FILTER COFFEE 150ML NEW BOLD ID FRESH,73.21,Snacks,Beverages,synthetic: brand consensus; query: FILTER COFFEE 150ML NEW BOLD ID FRESH brand category India,OWNER_REQUIRED,
FILTER COFFEE 150ML ID FRESH,73.21,Breakfast,Beverages,synthetic: brand consensus; query: FILTER COFFEE 150ML ID FRESH brand category India,OWNER_REQUIRED,
ENG ITEM COLOUR CABBAGE SAMBERRY,73.21,Breakfast,Beverages,synthetic: brand consensus; query: ENG ITEM COLOUR CABBAGE SAMBERRY brand category India,OWNER_REQUIRED,
ENG ITEM CHINESE CABBAGE SAMBERRY,73.21,Breakfast,Beverages,synthetic: brand consensus; query: ENG ITEM CHINESE CABBAGE SAMBERRY brand category India,OWNER_REQUIRED,
DARK CHOCOLATE 150g BEST WISHES AMUL,73.21,Breakfast,Beverages,synthetic: brand consensus; query: DARK CHOCOLATE 150g BEST WISHES AMUL brand category India,OWNER_REQUIRED,
DARK CHOCOLATE 150g AMUL,73.21,Breakfast,Beverages,synthetic: brand consensus; query: DARK CHOCOLATE 150g AMUL brand category India,OWNER_REQUIRED,
CURD TUB 1KG HERITAGE,73.21,Snacks,Beverages,synthetic: brand consensus; query: CURD TUB 1KG HERITAGE brand category India,OWNER_REQUIRED,
CURD CUP 400GHERITAGE,73.21,Beverages,Snacks,synthetic: brand consensus; query: CURD CUP 400GHERITAGE brand category India,OWNER_REQUIRED,
CURD CUP 200G HERITAGE,73.21,Beverages,Snacks,synthetic: brand consensus; query: CURD CUP 200G HERITAGE brand category India,OWNER_REQUIRED,
CURD 500g POUCH HERITAGE,73.21,Beverages,Snacks,synthetic: brand consensus; query: CURD 500g POUCH HERITAGE brand category India,OWNER_REQUIRED,
CRUNCHY BANANA CHIPS 65g FLYBERRY,73.21,Beverages,Snacks,synthetic: brand consensus; query: CRUNCHY BANANA CHIPS 65g FLYBERRY brand category India,OWNER_REQUIRED,
CRUNCHY BANANA CHIPS 250g FLYBERRY,73.21,Breakfast,Beverages,synthetic: brand consensus; query: CRUNCHY BANANA CHIPS 250g FLYBERRY brand category India,OWNER_REQUIRED,
COW MILK 500ml GOLDEN HERITAGE,73.21,Beverages,Snacks,synthetic: brand consensus; query: COW MILK 500ml GOLDEN HERITAGE brand category India,OWNER_REQUIRED,
COW MILK 500ML POUCH SIDS FARM,73.21,Beverages,Snacks,synthetic: brand consensus; query: COW MILK 500ML POUCH SIDS FARM brand category India,OWNER_REQUIRED,
COW GHEE 350g SIDS FARM,73.21,Dairy,Beverages,synthetic: brand consensus; query: COW GHEE 350g SIDS FARM brand category India,OWNER_REQUIRED,
COW GHEE 250G VELLANKI FOODS,73.21,Breakfast,Beverages,synthetic: brand consensus; query: COW GHEE 250G VELLANKI FOODS brand category India,OWNER_REQUIRED,
COOKING BUTTER 200G HERITAGE,73.21,Snacks,Beverages,synthetic: brand consensus; query: COOKING BUTTER 200G HERITAGE brand category India,OWNER_REQUIRED,
CONTINENTAL XTRA INSTANT SOUTH BLEND COFFEE 150g POUCH,73.21,Dairy,Beverages,synthetic: brand consensus; query: CONTINENTAL XTRA INSTANT SOUTH BLEND COFFEE 150g POUCH brand category India,OWNER_REQUIRED,
CONTINENTAL XTRA 50g JAR PLUS 25g JAR FREE SOUTH BLEND,73.21,Breakfast,Beverages,synthetic: brand consensus; query: CONTINENTAL XTRA 50g JAR PLUS 25g JAR FREE SOUTH BLEND brand category India,OWNER_REQUIRED,
COLD PRESSED WHITE SESAME OIL 500ML MESMARA,73.21,Dairy,Beverages,synthetic: brand consensus; query: COLD PRESSED WHITE SESAME OIL 500ML MESMARA brand category India,OWNER_REQUIRED,
COFFEE XTRA 100g JAR INSTANT SOUTH BLEND CONTINENTAL,73.21,Breakfast,Beverages,synthetic: brand consensus; query: COFFEE XTRA 100g JAR INSTANT SOUTH BLEND CONTINENTAL brand category India,OWNER_REQUIRED,
CHOCOLATE 150G HBD PACK AMUL,73.21,Breakfast,Beverages,synthetic: brand consensus; query: CHOCOLATE 150G HBD PACK AMUL brand category India,OWNER_REQUIRED,
CHEESE SPREAD GARLIC200G AMUL,73.21,Snacks,Beverages,synthetic: brand consensus; query: CHEESE SPREAD GARLIC200G AMUL brand category India,OWNER_REQUIRED,
CHEESE SPREAD 200g AMUL,73.21,Snacks,Beverages,synthetic: brand consensus; query: CHEESE SPREAD 200g AMUL brand category India,OWNER_REQUIRED,
CHEESE SLICES 200g HERITAGE,73.21,Breakfast,Beverages,synthetic: brand consensus; query: CHEESE SLICES 200g HERITAGE brand category India,OWNER_REQUIRED,
CHEESE SLICES 200g AMUL 10PC PACK,73.21,Snacks,Beverages,synthetic: brand consensus; query: CHEESE SLICES 200g AMUL 10PC PACK brand category India,OWNER_REQUIRED,
CHEESE SLICES 100g HERITAGE,73.21,Beverages,Snacks,synthetic: brand consensus; query: CHEESE SLICES 100g HERITAGE brand category India,OWNER_REQUIRED,
CHEESE SLICES 100g AMUL 5PC PACK,73.21,Beverages,Snacks,synthetic: brand consensus; query: CHEESE SLICES 100g AMUL 5PC PACK brand category India,OWNER_REQUIRED,
CHEESE EASY OPEN CHIPLET CUBES 60X8X25g AMUL,73.21,Snacks,Beverages,synthetic: brand consensus; query: CHEESE EASY OPEN CHIPLET CUBES 60X8X25g AMUL brand category India,OWNER_REQUIRED,
CHEESE CUBES 120g HERITAGE,73.21,Beverages,Snacks,synthetic: brand consensus; query: CHEESE CUBES 120g HERITAGE brand category India,OWNER_REQUIRED,
CHEESE BLOCK 200G HERITAGE,73.21,Snacks,Beverages,synthetic: brand consensus; query: CHEESE BLOCK 200G HERITAGE brand category India,OWNER_REQUIRED,
CDM CRACKLE 36G,73.21,Beverages,Snacks,synthetic: brand consensus; query: CDM CRACKLE 36G brand category India,OWNER_REQUIRED,
CARRY BAG 8Kg HOLDING CAPACITY,73.21,Beverages,Snacks,synthetic: brand consensus; query: CARRY BAG 8Kg HOLDING CAPACITY brand category India,OWNER_REQUIRED,
CABBAGE,73.21,Beverages,Snacks,synthetic: brand consensus; query: CABBAGE brand category India,OWNER_REQUIRED,
BUTTER SCHOOL PACK 100g AMUL,73.21,Beverages,Snacks,synthetic: brand consensus; query: BUTTER SCHOOL PACK 100g AMUL brand category India,OWNER_REQUIRED,
BUTTER GARLIC N HERBS 100g AMUL,73.21,Beverages,Snacks,synthetic: brand consensus; query: BUTTER GARLIC N HERBS 100g AMUL brand category India,OWNER_REQUIRED,
BUFFALO GHEE 350g SIDS FARM,73.21,Dairy,Beverages,synthetic: brand consensus; query: BUFFALO GHEE 350g SIDS FARM brand category India,OWNER_REQUIRED,
BUFFALO GHEE 250g  VELLANKI FOODS,73.21,Breakfast,Beverages,synthetic: brand consensus; query: BUFFALO GHEE 250g  VELLANKI FOODS brand category India,OWNER_REQUIRED,
BUFFALO CURD 400g SIDS FARM,73.21,Beverages,Snacks,synthetic: brand consensus; query: BUFFALO CURD 400g SIDS FARM brand category India,OWNER_REQUIRED,
BRITANNIA MILK BIKIS 71GM,73.21,Beverages,Snacks,synthetic: brand consensus; query: BRITANNIA MILK BIKIS 71GM brand category India,OWNER_REQUIRED,
BITTER CHOCOLATE 150g AMUL,73.21,Breakfast,Beverages,synthetic: brand consensus; query: BITTER CHOCOLATE 150g AMUL brand category India,OWNER_REQUIRED,
BITTER CHOCOLATE 150g 90% BITTER AMUL,73.21,Breakfast,Beverages,synthetic: brand consensus; query: BITTER CHOCOLATE 150g 90% BITTER AMUL brand category India,OWNER_REQUIRED,
BELGIAN CHOCOLATE 125g AMUL,73.21,Breakfast,Beverages,synthetic: brand consensus; query: BELGIAN CHOCOLATE 125g AMUL brand category India,OWNER_REQUIRED,
BARNYARD MILLET UDALU 500G,73.21,Beverages,Snacks,synthetic: brand consensus; query: BARNYARD MILLET UDALU 500G brand category India,OWNER_REQUIRED,
BADAM FLAVOURED MILK 180ML  PP BOTTLE HERITAGE,73.21,Beverages,Snacks,synthetic: brand consensus; query: BADAM FLAVOURED MILK 180ML  PP BOTTLE HERITAGE brand category India,OWNER_REQUIRED,
Apple Milk Shake,73.21,Beverages,Snacks,synthetic: brand consensus; query: Apple Milk Shake brand category India,OWNER_REQUIRED,
ARTISANAL ORGANIC SET CURD 400g AKSHAYAKALPA,73.21,Beverages,Snacks,synthetic: brand consensus; query: ARTISANAL ORGANIC SET CURD 400g AKSHAYAKALPA brand category India,OWNER_REQUIRED,
ARTISANAL CURD 400g EPIGAMIA,73.21,Beverages,Snacks,synthetic: brand consensus; query: ARTISANAL CURD 400g EPIGAMIA brand category India,OWNER_REQUIRED,
APPLE MILKSHAKES,73.21,Beverages,Snacks,synthetic: brand consensus; query: APPLE MILKSHAKES brand category India,OWNER_REQUIRED,
APPLE JUICE,73.21,Breakfast,Beverages,synthetic: brand consensus; query: APPLE JUICE brand category India,OWNER_REQUIRED,
APPLE BARE,73.21,Snacks,Beverages,synthetic: brand consensus; query: APPLE BARE brand category India,OWNER_REQUIRED,
AMUL PROCESSED CHEESE BLOCK200g,73.21,Snacks,Beverages,synthetic: brand consensus; query: AMUL PROCESSED CHEESE BLOCK200g brand category India,OWNER_REQUIRED,
AMUL FRUIT N NUT CHOCOLATE ILU 150g,73.21,Breakfast,Beverages,synthetic: brand consensus; query: AMUL FRUIT N NUT CHOCOLATE ILU 150g brand category India,OWNER_REQUIRED,
AMUL DARK CHOCOLATE 125G,73.21,Breakfast,Beverages,synthetic: brand consensus; query: AMUL DARK CHOCOLATE 125G brand category India,OWNER_REQUIRED,
AMUL CHEESE SPREAD PLAIN 200g,73.21,Snacks,Beverages,synthetic: brand consensus; query: AMUL CHEESE SPREAD PLAIN 200g brand category India,OWNER_REQUIRED,
AMRUTHA - A2 ORGANIC CURD. 500g AKSHAYAKALPA,73.21,Beverages,Snacks,synthetic: brand consensus; query: AMRUTHA - A2 ORGANIC CURD. 500g AKSHAYAKALPA brand category India,OWNER_REQUIRED,
AMLA CANDY KG FLYBERRY,73.21,Personal Care,Beverages,synthetic: brand consensus; query: AMLA CANDY KG FLYBERRY brand category India,OWNER_REQUIRED,
ALMONDO 200g CHOCOLATE AMUL,73.21,Breakfast,Beverages,synthetic: brand consensus; query: ALMONDO 200g CHOCOLATE AMUL brand category India,OWNER_REQUIRED,
AKSHYAKALPA ORGANIC TONED MILK UHT 1Lt. TETRA,73.21,Snacks,Beverages,synthetic: brand consensus; query: AKSHYAKALPA ORGANIC TONED MILK UHT 1Lt. TETRA brand category India,OWNER_REQUIRED,
AKSHAYAKALPA TABLE BUTTER SALTED 100g TUB ORGANIC,73.21,Snacks,Beverages,synthetic: brand consensus; query: AKSHAYAKALPA TABLE BUTTER SALTED 100g TUB ORGANIC brand category India,OWNER_REQUIRED,
AK ORGANIC HIGH PROTEIN PANEER 200g,73.21,Breakfast,Beverages,synthetic: brand consensus; query: AK ORGANIC HIGH PROTEIN PANEER 200g brand category India,OWNER_REQUIRED,
AGMARK GHEE 500 ML HERITAGE,73.21,Dairy,Beverages,synthetic: brand consensus; query: AGMARK GHEE 500 ML HERITAGE brand category India,OWNER_REQUIRED,
A2 BUFFALO MILK 500ml SIDS FARM,73.21,Beverages,Snacks,synthetic: brand consensus; query: A2 BUFFALO MILK 500ml SIDS FARM brand category India,OWNER_REQUIRED,
WATER MELON PLATE,72.04,Beverages,Snacks,synthetic: keyword+brand consensus; query: WATER MELON PLATE category retail; query: WATER MELON PLATE grocery shelf location India,OWNER_REQUIRED,
WATER APPLE BOX,72.04,Beverages,Snacks,synthetic: keyword+brand consensus; query: WATER APPLE BOX category retail; query: WATER APPLE BOX grocery shelf location India,OWNER_REQUIRED,
VITAMIN D3 IMMUNITY BOOSTER 30PC PACK ABHI EGGS,72.04,Dairy,Beverages,synthetic: keyword+brand consensus; query: VITAMIN D3 IMMUNITY BOOSTER 30PC PACK ABHI EGGS category retail; query: VITAMIN D3 IMMUNITY BOOSTER 30PC PACK ABHI EGGS grocery shelf location India,OWNER_REQUIRED,
NUTRI+ WITH IMMUNITY BOOSTERS - 30 EGGS TRAY ABHI EGGS,72.04,Dairy,Beverages,synthetic: keyword+brand consensus; query: NUTRI+ WITH IMMUNITY BOOSTERS - 30 EGGS TRAY ABHI EGGS category retail; query: NUTRI+ WITH IMMUNITY BOOSTERS - 30 EGGS TRAY ABHI EGGS grocery shelf location India,OWNER_REQUIRED,
KINELY WATER 500ml,72.04,Beverages,Snacks,synthetic: keyword+brand consensus; query: KINELY WATER 500ml category retail; query: KINELY WATER 500ml grocery shelf location India,OWNER_REQUIRED,
ELEPHANT SEEDED DATES 400G(CUPS) (1+1 OFFER),72.04,Snacks,Beverages,synthetic: keyword+brand consensus; query: ELEPHANT SEEDED DATES 400G(CUPS) (1+1 OFFER) category retail; query: ELEPHANT SEEDED DATES 400G(CUPS) (1+1 OFFER) grocery shelf location India,OWNER_REQUIRED,
DRIED DATES YELLOW250 GM,72.04,Snacks,Beverages,synthetic: keyword+brand consensus; query: DRIED DATES YELLOW250 GM category retail; query: DRIED DATES YELLOW250 GM grocery shelf location India,OWNER_REQUIRED,
DR GOOD EGGS CAROTENOID 30 PACK,72.04,Dairy,Beverages,synthetic: keyword+brand consensus; query: DR GOOD EGGS CAROTENOID 30 PACK category retail; query: DR GOOD EGGS CAROTENOID 30 PACK grocery shelf location India,OWNER_REQUIRED,
BAMBINO ROASTED VERMICELLI 800G,72.04,Snacks,Beverages,synthetic: keyword+brand consensus; query: BAMBINO ROASTED VERMICELLI 800G category retail; query: BAMBINO ROASTED VERMICELLI 800G grocery shelf location India,OWNER_REQUIRED,
BAILLEY WATER  500ML,72.04,Beverages,Snacks,synthetic: keyword+brand consensus; query: BAILLEY WATER  500ML category retail; query: BAILLEY WATER  500ML grocery shelf location India,OWNER_REQUIRED,
BAILLEY  WATER 1LTR,72.04,Beverages,Snacks,synthetic: keyword+brand consensus; query: BAILLEY  WATER 1LTR category retail; query: BAILLEY  WATER 1LTR grocery shelf location India,OWNER_REQUIRED,
SUNFLOWER SEEDS KG FLYBERRY,71.08,Snacks,Beverages,synthetic: keyword consensus; query: SUNFLOWER SEEDS KG FLYBERRY category retail,OWNER_REQUIRED,
SONA MASURI TELANGANA STEAM RICE 26KG GAJANAN,71.08,Beverages,Snacks,synthetic: keyword consensus; query: SONA MASURI TELANGANA STEAM RICE 26KG GAJANAN category retail,OWNER_REQUIRED,
PUMPKIN SEEDS KG FLYBERRY,71.08,Snacks,Beverages,synthetic: keyword consensus; query: PUMPKIN SEEDS KG FLYBERRY category retail,OWNER_REQUIRED,
PRM HMT RICE 26KG BAG GAJANAN,71.08,Home Care,Beverages,synthetic: keyword consensus; query: PRM HMT RICE 26KG BAG GAJANAN category retail,OWNER_REQUIRED,
PRM HMT RAW RICE 26KG BAG GAJANAN,71.08,Home Care,Beverages,synthetic: keyword consensus; query: PRM HMT RAW RICE 26KG BAG GAJANAN category retail,OWNER_REQUIRED,
FlyberryMelonSeeds,71.08,Snacks,Beverages,synthetic: keyword consensus; query: FlyberryMelonSeeds category retail,OWNER_REQUIRED,
FLYBERRY SHAHJEERA CARAWAY SEEDS,71.08,Snacks,Beverages,synthetic: keyword consensus; query: FLYBERRY SHAHJEERA CARAWAY SEEDS category retail,OWNER_REQUIRED,
CHIA SEEDS KGS FLYBERRY,71.08,Snacks,Beverages,synthetic: keyword consensus; query: CHIA SEEDS KGS FLYBERRY category retail,OWNER_REQUIRED,
CARRY BAG SML 1Kg HOLDING CAPACITY,71.08,Home Care,Beverages,synthetic: keyword consensus; query: CARRY BAG SML 1Kg HOLDING CAPACITY category retail,OWNER_REQUIRED,
CARRY BAG MEDIUM 5Kg HOLDING CAPACITY,71.08,Home Care,Beverages,synthetic: keyword consensus; query: CARRY BAG MEDIUM 5Kg HOLDING CAPACITY category retail,OWNER_REQUIRED,
VITAMIN D3  WITH IMMUNITY BOOSTERS - 6 EGGS PACK  ABHI EGGS,67.38,Beverages,Snacks,synthetic: brand consensus; query: VITAMIN D3  WITH IMMUNITY BOOSTERS - 6 EGGS PACK  ABHI EGGS brand category India,OWNER_REQUIRED,
TOFU PANEER 200g SAI RATNA FOODS,67.38,Beverages,Snacks,synthetic: brand consensus; query: TOFU PANEER 200g SAI RATNA FOODS brand category India,OWNER_REQUIRED,
TNS DATES 200g,67.38,Beverages,Snacks,synthetic: brand consensus; query: TNS DATES 200g brand category India,OWNER_REQUIRED,
THIS CREAMY CARAMEL 18G CONTINENTAL,67.38,Beverages,Snacks,synthetic: brand consensus; query: THIS CREAMY CARAMEL 18G CONTINENTAL brand category India,OWNER_REQUIRED,
SID FARMS MALAI PANEER 200g,67.38,Snacks,Beverages,synthetic: brand consensus; query: SID FARMS MALAI PANEER 200g brand category India,OWNER_REQUIRED,
ROASTED CHANA 200G,67.38,Beverages,Snacks,synthetic: brand consensus; query: ROASTED CHANA 200G brand category India,OWNER_REQUIRED,
PURE O FRESH EGGS 6 PACK,67.38,Beverages,Snacks,synthetic: brand consensus; query: PURE O FRESH EGGS 6 PACK brand category India,OWNER_REQUIRED,
PURE O FRESH EGGS 30 pack,67.38,Breakfast,Beverages,synthetic: brand consensus; query: PURE O FRESH EGGS 30 pack brand category India,OWNER_REQUIRED,
PREMIUM SANDWICH BREAD 400g SPENCERS AKSHAYA FOODS ENGLISH RECIPE,67.38,Beverages,Snacks,synthetic: brand consensus; query: PREMIUM SANDWICH BREAD 400g SPENCERS AKSHAYA FOODS ENGLISH RECIPE brand category India,OWNER_REQUIRED,
PANEER 500G HERITAGE,67.38,Breakfast,Beverages,synthetic: brand consensus; query: PANEER 500G HERITAGE brand category India,OWNER_REQUIRED,
PANEER 200G ID FRESH,67.38,Snacks,Beverages,synthetic: brand consensus; query: PANEER 200G ID FRESH brand category India,OWNER_REQUIRED,
PANEER 200G HERITAGE,67.38,Snacks,Beverages,synthetic: brand consensus; query: PANEER 200G HERITAGE brand category India,OWNER_REQUIRED,
NUTRI+ WITH IMMUNITY BOOSTERS - 6 EGGS PACK ABHI EGGS,67.38,Beverages,Snacks,synthetic: brand consensus; query: NUTRI+ WITH IMMUNITY BOOSTERS - 6 EGGS PACK ABHI EGGS brand category India,OWNER_REQUIRED,
NANDA CREAM BUN VANILLA 60g,67.38,Beverages,Snacks,synthetic: brand consensus; query: NANDA CREAM BUN VANILLA 60g brand category India,OWNER_REQUIRED,
KIMJO KIMIA DATES 400g ELEPHANT,67.38,Breakfast,Beverages,synthetic: brand consensus; query: KIMJO KIMIA DATES 400g ELEPHANT brand category India,OWNER_REQUIRED,
IRANIAN DATES 500g ORIGINAL AM ENTERPRISES,67.38,Breakfast,Beverages,synthetic: brand consensus; query: IRANIAN DATES 500g ORIGINAL AM ENTERPRISES brand category India,OWNER_REQUIRED,
INDIAN RAISINSGOLDEN KGS FLYBERRY,67.38,Personal Care,Beverages,synthetic: brand consensus; query: INDIAN RAISINSGOLDEN KGS FLYBERRY brand category India,OWNER_REQUIRED,
INDIAN RAISINS GREEN FLYBERRY,67.38,Personal Care,Beverages,synthetic: brand consensus; query: INDIAN RAISINS GREEN FLYBERRY brand category India,OWNER_REQUIRED,
IDLI POWDER AKA GUNDPOWDER AKA KARAM PODI PREMIUM KG LOOSE FLYBER,67.38,Personal Care,Beverages,synthetic: brand consensus; query: IDLI POWDER AKA GUNDPOWDER AKA KARAM PODI PREMIUM KG LOOSE FLYBER brand category India,OWNER_REQUIRED,
FRESH PANEER BLOCK 200g AMUL,67.38,Beverages,Snacks,synthetic: brand consensus; query: FRESH PANEER BLOCK 200g AMUL brand category India,OWNER_REQUIRED,
FRESH LOOSE PANEER,67.38,Personal Care,Beverages,synthetic: brand consensus; query: FRESH LOOSE PANEER brand category India,OWNER_REQUIRED,
FRESH DATES YELLOW BOX ANAND,67.38,Beverages,Snacks,synthetic: brand consensus; query: FRESH DATES YELLOW BOX ANAND brand category India,OWNER_REQUIRED,
FRESH CREAM 250ML AMUL,67.38,Beverages,Snacks,synthetic: brand consensus; query: FRESH CREAM 250ML AMUL brand category India,OWNER_REQUIRED,
FRESH CREAM 200ML HERITAGE,67.38,Beverages,Snacks,synthetic: brand consensus; query: FRESH CREAM 200ML HERITAGE brand category India,OWNER_REQUIRED,
FLYBERRY MINI MEDJOUL DATES 200g BOX,67.38,Dairy,Beverages,synthetic: brand consensus; query: FLYBERRY MINI MEDJOUL DATES 200g BOX brand category India,OWNER_REQUIRED,
FLYBERRY KNOCKOUT KALMI DATES 400g,67.38,Dairy,Beverages,synthetic: brand consensus; query: FLYBERRY KNOCKOUT KALMI DATES 400g brand category India,OWNER_REQUIRED,
FLYBERRY KNOCKOUT KALMI DATES 200g,67.38,Breakfast,Beverages,synthetic: brand consensus; query: FLYBERRY KNOCKOUT KALMI DATES 200g brand category India,OWNER_REQUIRED,
FLYBERRY DREAMY DERI DATES 400G,67.38,Personal Care,Beverages,synthetic: brand consensus; query: FLYBERRY DREAMY DERI DATES 400G brand category India,OWNER_REQUIRED,
FLYBERRY DREAMY DERI DATES 220g,67.38,Dairy,Beverages,synthetic: brand consensus; query: FLYBERRY DREAMY DERI DATES 220g brand category India,OWNER_REQUIRED,
FLY BERRY DERI DATES 255g,67.38,Breakfast,Beverages,synthetic: brand consensus; query: FLY BERRY DERI DATES 255g brand category India,OWNER_REQUIRED,
ELEPHANT SEEDLESS HONEY DATES400G+10,67.38,Breakfast,Beverages,synthetic: brand consensus; query: ELEPHANT SEEDLESS HONEY DATES400G+10 brand category India,OWNER_REQUIRED,
EGGS 6PC UPF HEALTHY WHITE U N V,67.38,Beverages,Snacks,synthetic: brand consensus; query: EGGS 6PC UPF HEALTHY WHITE U N V brand category India,OWNER_REQUIRED,
EGGS 6PC JUST LAID VN POULTRY,67.38,Beverages,Snacks,synthetic: brand consensus; query: EGGS 6PC JUST LAID VN POULTRY brand category India,OWNER_REQUIRED,
EGGS 6PC FARM MADE FREE RANGE U N V,67.38,Snacks,Beverages,synthetic: brand consensus; query: EGGS 6PC FARM MADE FREE RANGE U N V brand category India,OWNER_REQUIRED,
EGGS 12PS FARM MADE FREE RANGE U N V,67.38,Breakfast,Beverages,synthetic: brand consensus; query: EGGS 12PS FARM MADE FREE RANGE U N V brand category India,OWNER_REQUIRED,
DR GOOD EGGS CAROTENOID 12 PACK,67.38,Snacks,Beverages,synthetic: brand consensus; query: DR GOOD EGGS CAROTENOID 12 PACK brand category India,OWNER_REQUIRED,
DOSE WITH IMMUNITY BOOSTERS - 6 EGGS PACK ABHI EGGS,67.38,Snacks,Beverages,synthetic: brand consensus; query: DOSE WITH IMMUNITY BOOSTERS - 6 EGGS PACK ABHI EGGS brand category India,OWNER_REQUIRED,
DATES POWDER 180g FLYBERRY,67.38,Dairy,Beverages,synthetic: brand consensus; query: DATES POWDER 180g FLYBERRY brand category India,OWNER_REQUIRED,
BROWN EGGS 6PC UPF HEALTHY U N V,67.38,Beverages,Snacks,synthetic: brand consensus; query: BROWN EGGS 6PC UPF HEALTHY U N V brand category India,OWNER_REQUIRED,
BRINTAN TOFU PANEER 200G,67.38,Beverages,Snacks,synthetic: brand consensus; query: BRINTAN TOFU PANEER 200G brand category India,OWNER_REQUIRED,
BAMBINO ROASTED VERMICELI 500G,67.38,Beverages,Snacks,synthetic: brand consensus; query: BAMBINO ROASTED VERMICELI 500G brand category India,OWNER_REQUIRED,
AK COUNTRY EGGS 6PC PACK AKSHAYA KALPA,67.38,Snacks,Beverages,synthetic: brand consensus; query: AK COUNTRY EGGS 6PC PACK AKSHAYA KALPA brand category India,OWNER_REQUIRED,
AFGHANI RAISINS KGS FLYBERRY,67.38,Personal Care,Beverages,synthetic: brand consensus; query: AFGHANI RAISINS KGS FLYBERRY brand category India,OWNER_REQUIRED,
WORKOUT TRAIL MIX KG FLYBERRY,63.0,Snacks,Beverages,synthetic: keyword consensus; query: WORKOUT TRAIL MIX KG FLYBERRY category retail,OWNER_REQUIRED,
WALNUT PREMIUM KGS FLYBERRY,63.0,Snacks,Beverages,synthetic: keyword consensus; query: WALNUT PREMIUM KGS FLYBERRY category retail,OWNER_REQUIRED,
MEDJOUL DATES LARGE FLYBERRY loose kgs,63.0,Snacks,Beverages,synthetic: keyword consensus; query: MEDJOUL DATES LARGE FLYBERRY loose kgs category retail,OWNER_REQUIRED,
FlyberryPrunes,63.0,Snacks,Beverages,synthetic: keyword consensus; query: FlyberryPrunes category retail,OWNER_REQUIRED,
FLYBERRY MEDJOUL MAJESTIC DATES 400g BOX,63.0,Snacks,Beverages,synthetic: keyword consensus; query: FLYBERRY MEDJOUL MAJESTIC DATES 400g BOX category retail,OWNER_REQUIRED,
DERI DATES KG FLYBERRY,63.0,Snacks,Beverages,synthetic: keyword consensus; query: DERI DATES KG FLYBERRY category retail,OWNER_REQUIRED,
CALIFORNIAN ALMOND PREMIUM KG FLYBERRY,63.0,Snacks,Beverages,synthetic: keyword consensus; query: CALIFORNIAN ALMOND PREMIUM KG FLYBERRY category retail,OWNER_REQUIRED,
APRICOTS ORANGE TURKISH KG FLYBERRY,63.0,Snacks,Beverages,synthetic: keyword consensus; query: APRICOTS ORANGE TURKISH KG FLYBERRY category retail,OWNER_REQUIRED,
AMERI DATES KG FLYBERRY,63.0,Snacks,Beverages,synthetic: keyword consensus; query: AMERI DATES KG FLYBERRY category retail,OWNER_REQUIRED,
AJWA DATES KGS FLYBERRY LOOSE KGS,63.0,Snacks,Beverages,synthetic: keyword consensus; query: AJWA DATES KGS FLYBERRY LOOSE KGS category retail,OWNER_REQUIRED,
